Idex,Fitting points,MAPE
0,6,0.3578754121231033
1,7,0.26791544665087025
2,8,0.21593788725684868
3,9,0.053040922889357627
4,10,0.07997853774674372
5,11,0.10613490945488435
6,12,0.13026921396780755
7,13,0.1352324676130776
8,14,0.08418629232648066
9,15,0.0500809330552082
10,16,0.06091610757023159
11,17,0.06515225228624394
12,18,0.06800465493712228
13,19,0.02313488241705842
14,20,0.09984067954306279
